model,accuracy,macro_f1,weighted_f1,top3_accuracy,weights_source,image_size
tensorflow_custom_cnn,0.012195121951219513,0.0008710801393728223,0.0008710801393728223,0.024390243902439025,random_init,96
