model,accuracy,macro_f1,weighted_f1,top3_accuracy
logistic_regression,0.44672131147540983,0.42001548586914433,0.4179937548790008,0.7008196721311475
random_forest,0.44672131147540983,0.4096258077965395,0.408885035729298,0.7131147540983607
extra_trees,0.4426229508196721,0.4033796149649808,0.4025876445958413,0.6844262295081968
sgd_logistic,0.3524590163934426,0.3193264729850095,0.3219439030914441,
